src,dst,time
359,616,timestamp1
576,176,timestamp1
1012,966,timestamp1
1272,1395,timestamp1
359,103,timestamp1
576,195,timestamp1
1012,1496,timestamp1
1272,29,timestamp1
359,1357,timestamp1
576,918,timestamp1
1012,801,timestamp1
1272,392,timestamp1
359,1152,timestamp1
576,1123,timestamp1
1012,1159,timestamp1
1272,471,timestamp1
359,562,timestamp1
576,682,timestamp1
1012,146,timestamp1
1272,699,timestamp1
359,926,timestamp1
576,956,timestamp1
1012,1176,timestamp1
1272,5,timestamp1
359,249,timestamp1
576,839,timestamp1
1012,649,timestamp1
1272,1248,timestamp1
359,448,timestamp1
576,199,timestamp1
1012,1212,timestamp1
1272,581,timestamp1
359,179,timestamp1
576,331,timestamp1
1012,1036,timestamp1
1272,912,timestamp1
359,738,timestamp1
576,1121,timestamp1
1012,206,timestamp1
1272,251,timestamp1
359,356,timestamp1
576,1269,timestamp1
1012,1399,timestamp1
1272,223,timestamp1
359,419,timestamp1
576,73,timestamp1
1012,1418,timestamp1
1272,167,timestamp1
359,1075,timestamp1
576,1207,timestamp1
1012,226,timestamp1
1272,25,timestamp1
359,871,timestamp1
576,1397,timestamp1
1012,873,timestamp1
1272,676,timestamp1
359,673,timestamp1
576,306,timestamp1
1012,439,timestamp1
1272,743,timestamp1
359,503,timestamp1
576,194,timestamp1
1012,235,timestamp1
1272,1439,timestamp1
359,784,timestamp1
576,1029,timestamp1
1012,88,timestamp1
1272,318,timestamp1
359,670,timestamp1
576,436,timestamp1
1012,162,timestamp1
1272,16,timestamp1
359,688,timestamp1
576,1409,timestamp1
1012,1145,timestamp1
1272,905,timestamp1
359,1000,timestamp1
576,627,timestamp1
1012,1142,timestamp1
1272,203,timestamp1
359,702,timestamp1
576,1087,timestamp1
1012,704,timestamp1
1272,519,timestamp1
359,28,timestamp1
2,577,timestamp1
1012,791,timestamp1
1272,53,timestamp1
359,718,timestamp1
62,578,timestamp1
1012,1155,timestamp1
1272,411,timestamp1
359,1261,timestamp1
123,579,timestamp1
1012,537,timestamp1
1272,181,timestamp1
359,362,timestamp1
70,580,timestamp1
1012,685,timestamp1
1272,895,timestamp1
359,803,timestamp1
23,581,timestamp1
1012,157,timestamp1
1272,1379,timestamp1
359,722,timestamp1
2,582,timestamp1
169,1013,timestamp1
1272,1400,timestamp1
359,379,timestamp1
47,582,timestamp1
31,1014,timestamp1
1272,589,timestamp1
359,697,timestamp1
96,582,timestamp1
20,1015,timestamp1
1272,1416,timestamp1
359,420,timestamp1
79,582,timestamp1
70,1016,timestamp1
1272,1041,timestamp1
359,1264,timestamp1
79,583,timestamp1
123,1017,timestamp1
1272,421,timestamp1
359,641,timestamp1
96,583,timestamp1
254,1018,timestamp1
1272,93,timestamp1
359,1210,timestamp1
20,584,timestamp1
90,1019,timestamp1
1272,266,timestamp1
359,368,timestamp1
20,585,timestamp1
55,1020,timestamp1
1272,286,timestamp1
359,187,timestamp1
76,585,timestamp1
14,1021,timestamp1
1272,549,timestamp1
359,1161,timestamp1
2,586,timestamp1
31,1021,timestamp1
1272,945,timestamp1
359,113,timestamp1
6,587,timestamp1
1022,669,timestamp1
1272,231,timestamp1
359,488,timestamp1
37,588,timestamp1
1022,558,timestamp1
1272,611,timestamp1
359,1005,timestamp1
8,588,timestamp1
1022,928,timestamp1
1272,745,timestamp1
359,1151,timestamp1
123,589,timestamp1
1022,781,timestamp1
1272,166,timestamp1
359,181,timestamp1
83,590,timestamp1
1022,569,timestamp1
1272,144,timestamp1
359,550,timestamp1
264,591,timestamp1
1022,1048,timestamp1
1272,339,timestamp1
359,1058,timestamp1
76,592,timestamp1
1022,268,timestamp1
1272,164,timestamp1
359,147,timestamp1
20,592,timestamp1
1022,145,timestamp1
1272,877,timestamp1
359,161,timestamp1
20,593,timestamp1
1022,322,timestamp1
1272,860,timestamp1
359,882,timestamp1
76,593,timestamp1
1022,1216,timestamp1
1272,1486,timestamp1
359,369,timestamp1
66,594,timestamp1
1022,1425,timestamp1
1272,604,timestamp1
359,592,timestamp1
90,595,timestamp1
1022,1281,timestamp1
1272,104,timestamp1
359,680,timestamp1
20,596,timestamp1
1022,931,timestamp1
1272,1436,timestamp1
359,761,timestamp1
2,597,timestamp1
1022,601,timestamp1
1272,778,timestamp1
359,1457,timestamp1
169,598,timestamp1
1022,712,timestamp1
1272,256,timestamp1
359,208,timestamp1
169,599,timestamp1
1022,1301,timestamp1
1272,253,timestamp1
359,120,timestamp1
85,600,timestamp1
1022,1303,timestamp1
1272,717,timestamp1
359,281,timestamp1
523,601,timestamp1
1022,976,timestamp1
1272,26,timestamp1
359,760,timestamp1
23,602,timestamp1
1022,844,timestamp1
1272,892,timestamp1
359,273,timestamp1
31,603,timestamp1
1022,766,timestamp1
1272,137,timestamp1
359,410,timestamp1
60,604,timestamp1
1022,239,timestamp1
1272,590,timestamp1
359,788,timestamp1
85,605,timestamp1
1022,1150,timestamp1
1272,1328,timestamp1
359,196,timestamp1
123,606,timestamp1
1022,384,timestamp1
1272,929,timestamp1
359,1291,timestamp1
0,607,timestamp1
1022,679,timestamp1
1272,1108,timestamp1
359,283,timestamp1
76,608,timestamp1
1022,336,timestamp1
1272,1246,timestamp1
359,276,timestamp1
17,608,timestamp1
1022,1027,timestamp1
1272,156,timestamp1
359,257,timestamp1
20,608,timestamp1
1022,585,timestamp1
1272,333,timestamp1
359,990,timestamp1
20,609,timestamp1
1022,930,timestamp1
1272,832,timestamp1
359,285,timestamp1
72,610,timestamp1
1022,581,timestamp1
1272,1187,timestamp1
359,1071,timestamp1
79,611,timestamp1
1022,234,timestamp1
1272,865,timestamp1
359,409,timestamp1
14,612,timestamp1
1022,576,timestamp1
1272,748,timestamp1
359,353,timestamp1
2,613,timestamp1
1022,511,timestamp1
1272,1336,timestamp1
359,473,timestamp1
14,614,timestamp1
1022,765,timestamp1
1272,242,timestamp1
359,961,timestamp1
169,615,timestamp1
1022,1367,timestamp1
1272,433,timestamp1
359,613,timestamp1
20,616,timestamp1
1022,1059,timestamp1
1272,468,timestamp1
359,579,timestamp1
17,616,timestamp1
1022,98,timestamp1
1272,10,timestamp1
359,115,timestamp1
76,616,timestamp1
1022,1045,timestamp1
1272,1488,timestamp1
359,725,timestamp1
55,616,timestamp1
1022,1224,timestamp1
1272,1267,timestamp1
359,639,timestamp1
617,299,timestamp1
1022,1410,timestamp1
1272,51,timestamp1
359,125,timestamp1
2,617,timestamp1
1022,1148,timestamp1
1272,1112,timestamp1
359,972,timestamp1
96,617,timestamp1
1022,938,timestamp1
1272,461,timestamp1
359,645,timestamp1
523,618,timestamp1
1022,1002,timestamp1
1272,317,timestamp1
359,1449,timestamp1
79,619,timestamp1
1022,97,timestamp1
1272,52,timestamp1
359,22,timestamp1
60,620,timestamp1
1022,315,timestamp1
1272,470,timestamp1
359,973,timestamp1
20,621,timestamp1
1022,491,timestamp1
1272,1380,timestamp1
359,483,timestamp1
17,621,timestamp1
1022,489,timestamp1
1272,1455,timestamp1
359,794,timestamp1
76,621,timestamp1
1022,1028,timestamp1
1272,1172,timestamp1
359,27,timestamp1
2,622,timestamp1
1022,1149,timestamp1
76,1273,timestamp1
359,608,timestamp1
47,623,timestamp1
1022,797,timestamp1
20,1273,timestamp1
359,304,timestamp1
79,623,timestamp1
1022,941,timestamp1
254,1274,timestamp1
359,527,timestamp1
62,624,timestamp1
1022,386,timestamp1
264,1275,timestamp1
359,504,timestamp1
62,625,timestamp1
1022,1026,timestamp1
6,1276,timestamp1
359,21,timestamp1
23,626,timestamp1
1022,559,timestamp1
70,1277,timestamp1
359,418,timestamp1
2,627,timestamp1
1022,1447,timestamp1
37,1278,timestamp1
359,247,timestamp1
169,628,timestamp1
1022,1156,timestamp1
60,1279,timestamp1
359,1356,timestamp1
76,629,timestamp1
1022,461,timestamp1
83,1280,timestamp1
359,1218,timestamp1
17,629,timestamp1
1022,1120,timestamp1
1281,265,timestamp1
359,202,timestamp1
20,629,timestamp1
1022,1177,timestamp1
1281,1194,timestamp1
359,525,timestamp1
2,630,timestamp1
80,1022,timestamp1
1281,857,timestamp1
359,361,timestamp1
62,631,timestamp1
2,1023,timestamp1
1281,1352,timestamp1
359,133,timestamp1
58,632,timestamp1
23,1024,timestamp1
1281,826,timestamp1
359,1292,timestamp1
135,633,timestamp1
20,1025,timestamp1
1281,716,timestamp1
359,277,timestamp1
70,633,timestamp1
1026,1174,timestamp1
1281,917,timestamp1
359,1294,timestamp1
62,634,timestamp1
1026,1102,timestamp1
1281,713,timestamp1
359,216,timestamp1
264,635,timestamp1
1026,747,timestamp1
1281,932,timestamp1
359,262,timestamp1
20,636,timestamp1
1026,213,timestamp1
1281,657,timestamp1
359,505,timestamp1
62,637,timestamp1
79,1027,timestamp1
1281,530,timestamp1
359,404,timestamp1
169,638,timestamp1
1028,1083,timestamp1
1281,567,timestamp1
359,701,timestamp1
66,639,timestamp1
299,1028,timestamp1
1281,289,timestamp1
359,138,timestamp1
31,640,timestamp1
14,1028,timestamp1
1281,1014,timestamp1
359,522,timestamp1
23,641,timestamp1
20,1029,timestamp1
1281,398,timestamp1
359,492,timestamp1
62,642,timestamp1
1030,820,timestamp1
1281,1060,timestamp1
359,1109,timestamp1
264,643,timestamp1
1030,925,timestamp1
1281,602,timestamp1
359,866,timestamp1
169,644,timestamp1
1030,1277,timestamp1
1281,634,timestamp1
359,282,timestamp1
55,645,timestamp1
1030,841,timestamp1
1281,1132,timestamp1
359,408,timestamp1
31,646,timestamp1
1030,303,timestamp1
1281,1021,timestamp1
359,1069,timestamp1
14,646,timestamp1
1030,1266,timestamp1
1281,481,timestamp1
359,636,timestamp1
307,647,timestamp1
1030,290,timestamp1
1281,540,timestamp1
359,1157,timestamp1
90,648,timestamp1
1030,691,timestamp1
1281,1258,timestamp1
359,220,timestamp1
45,649,timestamp1
1030,291,timestamp1
1281,294,timestamp1
359,375,timestamp1
20,650,timestamp1
1030,850,timestamp1
1281,1133,timestamp1
359,494,timestamp1
47,651,timestamp1
1030,1007,timestamp1
299,1282,timestamp1
359,555,timestamp1
79,651,timestamp1
1030,1185,timestamp1
14,1283,timestamp1
359,139,timestamp1
14,652,timestamp1
1030,293,timestamp1
31,1283,timestamp1
359,612,timestamp1
20,653,timestamp1
1030,1193,timestamp1
1284,1276,timestamp1
359,958,timestamp1
76,653,timestamp1
1030,1074,timestamp1
20,1285,timestamp1
359,1368,timestamp1
45,654,timestamp1
1030,1391,timestamp1
76,1285,timestamp1
359,978,timestamp1
66,655,timestamp1
1030,532,timestamp1
79,1286,timestamp1
359,1362,timestamp1
299,656,timestamp1
1030,1154,timestamp1
20,1287,timestamp1
359,495,timestamp1
55,657,timestamp1
1030,1122,timestamp1
76,1288,timestamp1
359,126,timestamp1
11,658,timestamp1
1030,968,timestamp1
20,1288,timestamp1
359,347,timestamp1
60,659,timestamp1
1030,828,timestamp1
2,1289,timestamp1
359,1382,timestamp1
299,660,timestamp1
1030,1073,timestamp1
130,1290,timestamp1
359,278,timestamp1
2,661,timestamp1
1030,152,timestamp1
23,1291,timestamp1
359,1283,timestamp1
23,662,timestamp1
1030,1393,timestamp1
130,1292,timestamp1
359,1208,timestamp1
96,663,timestamp1
1030,1259,timestamp1
66,1293,timestamp1
359,357,timestamp1
79,663,timestamp1
1030,1350,timestamp1
123,1293,timestamp1
359,99,timestamp1
2,664,timestamp1
1030,935,timestamp1
66,1294,timestamp1
359,1340,timestamp1
60,665,timestamp1
1030,30,timestamp1
20,1295,timestamp1
359,678,timestamp1
20,666,timestamp1
1030,54,timestamp1
20,1296,timestamp1
359,163,timestamp1
62,667,timestamp1
1030,388,timestamp1
17,1296,timestamp1
359,793,timestamp1
14,668,timestamp1
1030,1169,timestamp1
96,1297,timestamp1
359,263,timestamp1
6,669,timestamp1
1030,437,timestamp1
79,1297,timestamp1
359,486,timestamp1
169,670,timestamp1
1030,1100,timestamp1
31,1298,timestamp1
359,447,timestamp1
96,671,timestamp1
1030,915,timestamp1
58,1299,timestamp1
359,1006,timestamp1
66,672,timestamp1
1030,1320,timestamp1
2,1300,timestamp1
359,134,timestamp1
123,672,timestamp1
1030,1338,timestamp1
66,1301,timestamp1
359,689,timestamp1
62,673,timestamp1
1030,921,timestamp1
20,1302,timestamp1
359,619,timestamp1
66,674,timestamp1
1030,896,timestamp1
70,1303,timestamp1
359,182,timestamp1
72,675,timestamp1
1030,15,timestamp1
70,1304,timestamp1
18,359,timestamp1
11,676,timestamp1
1030,460,timestamp1
85,1304,timestamp1
1,359,timestamp1
20,677,timestamp1
1030,153,timestamp1
130,1304,timestamp1
79,360,timestamp1
76,677,timestamp1
1030,1119,timestamp1
66,1305,timestamp1
76,361,timestamp1
55,677,timestamp1
1030,1345,timestamp1
76,1306,timestamp1
20,361,timestamp1
17,677,timestamp1
1030,859,timestamp1
17,1306,timestamp1
307,362,timestamp1
20,678,timestamp1
1030,443,timestamp1
20,1306,timestamp1
20,363,timestamp1
20,679,timestamp1
1030,1331,timestamp1
60,1307,timestamp1
6,364,timestamp1
33,680,timestamp1
1030,1346,timestamp1
20,1308,timestamp1
23,365,timestamp1
79,681,timestamp1
1030,888,timestamp1
1309,899,timestamp1
83,366,timestamp1
47,681,timestamp1
1030,838,timestamp1
1309,557,timestamp1
47,367,timestamp1
83,682,timestamp1
1030,898,timestamp1
1309,407,timestamp1
96,367,timestamp1
20,683,timestamp1
1030,1423,timestamp1
1309,1223,timestamp1
79,367,timestamp1
6,684,timestamp1
1030,970,timestamp1
1309,894,timestamp1
60,368,timestamp1
14,685,timestamp1
1030,1289,timestamp1
1309,655,timestamp1
20,369,timestamp1
33,685,timestamp1
1030,1017,timestamp1
1309,542,timestamp1
45,370,timestamp1
17,686,timestamp1
1030,1323,timestamp1
1309,667,timestamp1
254,371,timestamp1
20,687,timestamp1
1030,770,timestamp1
1309,962,timestamp1
66,372,timestamp1
688,1115,timestamp1
1030,999,timestamp1
1309,800,timestamp1
83,373,timestamp1
688,1,timestamp1
1030,258,timestamp1
1309,543,timestamp1
23,374,timestamp1
20,689,timestamp1
1030,900,timestamp1
1309,999,timestamp1
20,375,timestamp1
58,690,timestamp1
1030,1355,timestamp1
1309,1286,timestamp1
23,376,timestamp1
66,691,timestamp1
1030,757,timestamp1
1309,909,timestamp1
31,377,timestamp1
60,692,timestamp1
1030,1271,timestamp1
1309,809,timestamp1
378,534,timestamp1
23,693,timestamp1
1030,1377,timestamp1
1309,548,timestamp1
17,694,timestamp1
37,695,timestamp1
14,696,timestamp1
123,697,timestamp1
60,698,timestamp1
60,699,timestamp1
60,700,timestamp1
83,701,timestamp1
23,702,timestamp1
23,703,timestamp1
37,704,timestamp1
8,704,timestamp1
169,705,timestamp1
20,706,timestamp1
76,706,timestamp1
31,707,timestamp1
90,708,timestamp1
768,709,timestamp1
60,710,timestamp1
6,711,timestamp1
79,712,timestamp1
169,713,timestamp1
47,714,timestamp1
715,864,timestamp1
715,1424,timestamp1
715,1422,timestamp1
79,716,timestamp1
79,717,timestamp1
14,718,timestamp1
31,718,timestamp1
169,719,timestamp1
31,720,timestamp1
66,721,timestamp1
20,722,timestamp1
17,722,timestamp1
76,722,timestamp1
47,723,timestamp1
66,724,timestamp1
45,725,timestamp1
14,726,timestamp1
31,726,timestamp1
20,727,timestamp1
2,728,timestamp1
79,729,timestamp1
20,730,timestamp1
20,731,timestamp1
79,732,timestamp1
365,733,timestamp1
79,734,timestamp1
47,735,timestamp1
20,736,timestamp1
169,737,timestamp1
20,738,timestamp1
299,739,timestamp1
47,740,timestamp1
96,741,timestamp1
79,741,timestamp1
2,742,timestamp1
90,743,timestamp1
169,744,timestamp1
62,744,timestamp1
705,745,timestamp1
76,746,timestamp1
20,746,timestamp1
123,747,timestamp1
2,748,timestamp1
79,748,timestamp1
264,749,timestamp1
66,750,timestamp1
2,751,timestamp1
20,751,timestamp1
76,751,timestamp1
123,752,timestamp1
8,753,timestamp1
47,754,timestamp1
79,754,timestamp1
365,755,timestamp1
76,756,timestamp1
20,756,timestamp1
2,757,timestamp1
31,758,timestamp1
62,759,timestamp1
85,760,timestamp1
130,761,timestamp1
23,761,timestamp1
72,762,timestamp1
66,763,timestamp1
299,764,timestamp1
20,765,timestamp1
45,766,timestamp1
47,767,timestamp1
47,768,timestamp1
20,769,timestamp1
66,770,timestamp1
123,770,timestamp1
20,771,timestamp1
863,772,timestamp1
47,773,timestamp1
79,773,timestamp1
66,774,timestamp1
123,774,timestamp1
20,775,timestamp1
17,775,timestamp1
76,775,timestamp1
414,776,timestamp1
79,777,timestamp1
719,778,timestamp1
14,779,timestamp1
20,780,timestamp1
781,1392,timestamp1
781,1467,timestamp1
781,400,timestamp1
781,405,timestamp1
781,228,timestamp1
781,222,timestamp1
781,1020,timestamp1
781,1093,timestamp1
781,913,timestamp1
781,1166,timestamp1
781,1419,timestamp1
781,1019,timestamp1
781,1372,timestamp1
781,108,timestamp1
781,360,timestamp1
781,355,timestamp1
781,1462,timestamp1
781,272,timestamp1
781,84,timestamp1
781,425,timestamp1
781,1094,timestamp1
781,354,timestamp1
781,940,timestamp1
781,1334,timestamp1
781,1417,timestamp1
781,1302,timestamp1
62,782,timestamp1
2,783,timestamp1
14,784,timestamp1
130,785,timestamp1
23,785,timestamp1
2,786,timestamp1
787,1104,timestamp1
787,1150,timestamp1
787,1402,timestamp1
787,185,timestamp1
787,43,timestamp1
787,765,timestamp1
787,1099,timestamp1
787,1026,timestamp1
787,1213,timestamp1
787,669,timestamp1
169,788,timestamp1
719,789,timestamp1
20,790,timestamp1
14,791,timestamp1
90,792,timestamp1
793,31,timestamp1
14,793,timestamp1
62,794,timestamp1
66,795,timestamp1
45,796,timestamp1
20,797,timestamp1
795,798,timestamp1
47,0,timestamp1
20,799,timestamp1
800,319,timestamp1
800,1012,timestamp1
800,812,timestamp1
800,168,timestamp1
800,310,timestamp1
800,177,timestamp1
96,38,timestamp1
378,155,timestamp1
1030,943,timestamp1
1309,561,timestamp1
20,39,timestamp1
378,1165,timestamp1
1030,1474,timestamp1
1309,782,timestamp1
76,39,timestamp1
378,453,timestamp1
1030,837,timestamp1
1309,300,timestamp1
55,39,timestamp1
378,537,timestamp1
1030,584,timestamp1
1309,313,timestamp1
17,39,timestamp1
378,831,timestamp1
1030,1076,timestamp1
1309,893,timestamp1
1083,40,timestamp1
378,326,timestamp1
1030,1164,timestamp1
1309,648,timestamp1
23,41,timestamp1
378,626,timestamp1
1030,1262,timestamp1
1309,402,timestamp1
31,42,timestamp1
378,1374,timestamp1
1030,1270,timestamp1
1309,560,timestamp1
33,43,timestamp1
378,596,timestamp1
1030,951,timestamp1
1309,979,timestamp1
2,44,timestamp1
378,210,timestamp1
1030,734,timestamp1
1309,640,timestamp1
299,45,timestamp1
378,649,timestamp1
1030,919,timestamp1
1309,879,timestamp1
70,46,timestamp1
378,599,timestamp1
1030,1065,timestamp1
25,1309,timestamp1
70,47,timestamp1
378,439,timestamp1
1030,19,timestamp1
145,1309,timestamp1
66,48,timestamp1
378,452,timestamp1
1030,1324,timestamp1
251,1309,timestamp1
66,49,timestamp1
378,723,timestamp1
1030,1206,timestamp1
130,1310,timestamp1
264,50,timestamp1
378,454,timestamp1
1030,948,timestamp1
76,1311,timestamp1
45,51,timestamp1
378,131,timestamp1
1030,1055,timestamp1
20,1311,timestamp1
62,52,timestamp1
85,379,timestamp1
1030,782,timestamp1
1275,1312,timestamp1
31,53,timestamp1
20,380,timestamp1
123,1031,timestamp1
2,1313,timestamp1
66,54,timestamp1
17,380,timestamp1
66,1032,timestamp1
264,1314,timestamp1
14,55,timestamp1
37,381,timestamp1
123,1032,timestamp1
14,1315,timestamp1
31,55,timestamp1
8,381,timestamp1
719,1033,timestamp1
31,1315,timestamp1
365,56,timestamp1
14,382,timestamp1
85,1034,timestamp1
20,1316,timestamp1
2,57,timestamp1
20,383,timestamp1
719,1035,timestamp1
66,1317,timestamp1
14,58,timestamp1
17,383,timestamp1
96,1036,timestamp1
2,1318,timestamp1
169,59,timestamp1
76,383,timestamp1
23,1037,timestamp1
2,1319,timestamp1
20,60,timestamp1
85,384,timestamp1
79,1038,timestamp1
72,1320,timestamp1
55,61,timestamp1
8,385,timestamp1
23,1039,timestamp1
55,1321,timestamp1
60,62,timestamp1
90,386,timestamp1
66,1040,timestamp1
23,1322,timestamp1
85,62,timestamp1
2,387,timestamp1
1041,299,timestamp1
6,1323,timestamp1
85,63,timestamp1
96,388,timestamp1
2,1041,timestamp1
42,1324,timestamp1
123,64,timestamp1
169,389,timestamp1
55,1042,timestamp1
2,1325,timestamp1
66,64,timestamp1
11,390,timestamp1
299,1043,timestamp1
20,1326,timestamp1
20,65,timestamp1
2,391,timestamp1
23,1044,timestamp1
83,1327,timestamp1
2,66,timestamp1
60,392,timestamp1
70,1044,timestamp1
83,1328,timestamp1
72,67,timestamp1
66,393,timestamp1
299,1045,timestamp1
14,1329,timestamp1
85,68,timestamp1
66,394,timestamp1
307,1046,timestamp1
55,1330,timestamp1
58,68,timestamp1
365,395,timestamp1
66,1047,timestamp1
20,1331,timestamp1
70,69,timestamp1
47,396,timestamp1
55,1048,timestamp1
6,1332,timestamp1
96,70,timestamp1
60,397,timestamp1
14,1049,timestamp1
39,1333,timestamp1
2,71,timestamp1
20,398,timestamp1
55,1050,timestamp1
299,1334,timestamp1
47,72,timestamp1
14,399,timestamp1
62,1051,timestamp1
14,1335,timestamp1
79,72,timestamp1
8,400,timestamp1
365,1052,timestamp1
85,1336,timestamp1
14,73,timestamp1
79,401,timestamp1
169,1053,timestamp1
2,1337,timestamp1
31,74,timestamp1
2,402,timestamp1
14,1054,timestamp1
66,1338,timestamp1
96,75,timestamp1
66,403,timestamp1
365,1055,timestamp1
123,1338,timestamp1
79,75,timestamp1
254,404,timestamp1
66,1056,timestamp1
123,1339,timestamp1
2,76,timestamp1
405,815,timestamp1
212,1057,timestamp1
2,1340,timestamp1
14,77,timestamp1
405,1375,timestamp1
20,1058,timestamp1
31,1341,timestamp1
47,78,timestamp1
405,1373,timestamp1
20,1059,timestamp1
66,1341,timestamp1
79,78,timestamp1
405,1381,timestamp1
1083,1060,timestamp1
20,1342,timestamp1
79,79,timestamp1
405,188,timestamp1
45,1061,timestamp1
55,1343,timestamp1
14,80,timestamp1
405,457,timestamp1
60,1062,timestamp1
70,1344,timestamp1
81,1477,timestamp1
405,709,timestamp1
20,1063,timestamp1
55,1345,timestamp1
81,1279,timestamp1
405,35,timestamp1
76,1063,timestamp1
264,1346,timestamp1
81,1476,timestamp1
405,41,timestamp1
123,1064,timestamp1
795,1347,timestamp1
81,1129,timestamp1
405,740,timestamp1
66,1064,timestamp1
6,1348,timestamp1
81,1478,timestamp1
405,1106,timestamp1
414,1065,timestamp1
62,1349,timestamp1
81,1084,timestamp1
405,148,timestamp1
31,1066,timestamp1
1350,1034,timestamp1
999,81,timestamp1
405,813,timestamp1
66,1067,timestamp1
1350,1179,timestamp1
431,81,timestamp1
405,902,timestamp1
83,1068,timestamp1
1350,1043,timestamp1
807,81,timestamp1
405,991,timestamp1
62,1069,timestamp1
47,1351,timestamp1
434,81,timestamp1
405,327,timestamp1
70,1070,timestamp1
79,1351,timestamp1
888,81,timestamp1
405,467,timestamp1
90,1071,timestamp1
96,1351,timestamp1
2,82,timestamp1
405,7,timestamp1
2,1072,timestamp1
20,1352,timestamp1
2,83,timestamp1
405,1249,timestamp1
20,1073,timestamp1
60,1353,timestamp1
33,84,timestamp1
405,1191,timestamp1
76,1073,timestamp1
90,1354,timestamp1
123,85,timestamp1
405,1385,timestamp1
66,1074,timestamp1
70,1355,timestamp1
55,86,timestamp1
405,149,timestamp1
55,1075,timestamp1
60,1356,timestamp1
55,87,timestamp1
405,933,timestamp1
70,1076,timestamp1
96,1357,timestamp1
20,87,timestamp1
405,1171,timestamp1
76,1077,timestamp1
1358,988,timestamp1
83,88,timestamp1
405,830,timestamp1
20,1077,timestamp1
1358,720,timestamp1
96,89,timestamp1
405,595,timestamp1
79,1078,timestamp1
1358,1146,timestamp1
79,89,timestamp1
406,524,timestamp1
37,1079,timestamp1
1358,805,timestamp1
76,90,timestamp1
406,804,timestamp1
8,1080,timestamp1
1358,810,timestamp1
20,90,timestamp1
406,672,timestamp1
14,1081,timestamp1
1358,994,timestamp1
60,91,timestamp1
406,677,timestamp1
20,1082,timestamp1
1358,787,timestamp1
254,92,timestamp1
406,696,timestamp1
62,1083,timestamp1
111,1358,timestamp1
14,93,timestamp1
406,529,timestamp1
23,1084,timestamp1
267,1358,timestamp1
60,94,timestamp1
20,407,timestamp1
66,1085,timestamp1
79,1359,timestamp1
20,95,timestamp1
8,408,timestamp1
1086,707,timestamp1
1360,1197,timestamp1
11,96,timestamp1
20,409,timestamp1
1086,1369,timestamp1
1360,1483,timestamp1
20,97,timestamp1
66,410,timestamp1
1086,275,timestamp1
1360,1321,timestamp1
76,97,timestamp1
85,411,timestamp1
1086,1298,timestamp1
1360,1024,timestamp1
264,98,timestamp1
2,412,timestamp1
1086,506,timestamp1
1360,1494,timestamp1
62,99,timestamp1
20,413,timestamp1
1086,343,timestamp1
1360,415,timestamp1
14,100,timestamp1
76,413,timestamp1
1086,1371,timestamp1
17,1361,timestamp1
60,101,timestamp1
17,413,timestamp1
1086,255,timestamp1
20,1361,timestamp1
47,102,timestamp1
414,884,timestamp1
1086,1510,timestamp1
76,1361,timestamp1
96,102,timestamp1
414,622,timestamp1
1086,329,timestamp1
169,1362,timestamp1
79,102,timestamp1
414,876,timestamp1
1086,886,timestamp1
79,1363,timestamp1
79,103,timestamp1
414,191,timestamp1
1086,274,timestamp1
14,1364,timestamp1
1083,104,timestamp1
414,533,timestamp1
1086,687,timestamp1
31,1364,timestamp1
47,105,timestamp1
414,136,timestamp1
1086,889,timestamp1
135,1365,timestamp1
79,105,timestamp1
414,269,timestamp1
1086,1493,timestamp1
1366,299,timestamp1
79,106,timestamp1
414,534,timestamp1
1086,1495,timestamp1
2,1366,timestamp1
66,107,timestamp1
414,664,timestamp1
1086,883,timestamp1
169,1367,timestamp1
55,108,timestamp1
414,537,timestamp1
1086,1507,timestamp1
1368,79,timestamp1
62,109,timestamp1
414,740,timestamp1
1086,690,timestamp1
47,1368,timestamp1
123,110,timestamp1
414,728,timestamp1
1086,887,timestamp1
62,1369,timestamp1
62,111,timestamp1
114,414,timestamp1
222,1086,timestamp1
1033,1370,timestamp1
14,112,timestamp1
89,414,timestamp1
2,1087,timestamp1
14,1371,timestamp1
20,113,timestamp1
70,415,timestamp1
20,1088,timestamp1
66,1371,timestamp1
2,114,timestamp1
47,416,timestamp1
169,1089,timestamp1
23,1372,timestamp1
79,114,timestamp1
96,416,timestamp1
2,1090,timestamp1
70,1372,timestamp1
2,115,timestamp1
55,417,timestamp1
79,1091,timestamp1
1083,1373,timestamp1
37,116,timestamp1
17,417,timestamp1
85,1092,timestamp1
254,1374,timestamp1
8,116,timestamp1
20,417,timestamp1
20,1093,timestamp1
62,1375,timestamp1
31,117,timestamp1
17,418,timestamp1
79,1094,timestamp1
169,1376,timestamp1
20,118,timestamp1
254,419,timestamp1
47,1095,timestamp1
23,1377,timestamp1
20,119,timestamp1
62,420,timestamp1
79,1095,timestamp1
60,1378,timestamp1
76,119,timestamp1
85,421,timestamp1
2,1096,timestamp1
96,1379,timestamp1
31,120,timestamp1
60,421,timestamp1
2,1097,timestamp1
79,1379,timestamp1
55,121,timestamp1
14,422,timestamp1
20,1098,timestamp1
1380,1394,timestamp1
20,121,timestamp1
719,423,timestamp1
31,1099,timestamp1
1380,1333,timestamp1
20,122,timestamp1
31,423,timestamp1
1100,512,timestamp1
14,1381,timestamp1
76,122,timestamp1
254,424,timestamp1
1100,849,timestamp1
8,1382,timestamp1
20,123,timestamp1
79,425,timestamp1
1100,50,timestamp1
37,1382,timestamp1
768,124,timestamp1
90,426,timestamp1
1100,977,timestamp1
2,1383,timestamp1
72,125,timestamp1
20,427,timestamp1
1100,40,timestamp1
76,1384,timestamp1
55,126,timestamp1
47,428,timestamp1
1100,644,timestamp1
17,1384,timestamp1
66,127,timestamp1
264,429,timestamp1
11,1101,timestamp1
20,1384,timestamp1
96,128,timestamp1
83,430,timestamp1
23,1102,timestamp1
90,1385,timestamp1
42,128,timestamp1
169,431,timestamp1
55,1103,timestamp1
62,1386,timestamp1
47,128,timestamp1
20,432,timestamp1
8,1104,timestamp1
62,1387,timestamp1
79,128,timestamp1
123,433,timestamp1
37,1104,timestamp1
31,1388,timestamp1
14,129,timestamp1
23,434,timestamp1
72,1105,timestamp1
90,1389,timestamp1
299,130,timestamp1
2,435,timestamp1
11,1106,timestamp1
1390,263,timestamp1
123,131,timestamp1
85,436,timestamp1
123,1107,timestamp1
1390,683,timestamp1
60,132,timestamp1
72,437,timestamp1
2,1108,timestamp1
1390,633,timestamp1
31,133,timestamp1
212,438,timestamp1
23,1109,timestamp1
1390,387,timestamp1
705,134,timestamp1
169,439,timestamp1
14,1110,timestamp1
1390,250,timestamp1
123,135,timestamp1
135,440,timestamp1
2,1111,timestamp1
1390,201,timestamp1
14,136,timestamp1
2,441,timestamp1
66,1112,timestamp1
1390,140,timestamp1
31,137,timestamp1
79,441,timestamp1
1113,1295,timestamp1
1390,724,timestamp1
6,138,timestamp1
90,442,timestamp1
1113,1081,timestamp1
1390,638,timestamp1
139,1244,timestamp1
23,443,timestamp1
1113,649,timestamp1
1390,270,timestamp1
139,1498,timestamp1
123,444,timestamp1
1113,1022,timestamp1
1390,150,timestamp1
139,817,timestamp1
83,445,timestamp1
1113,1388,timestamp1
1390,592,timestamp1
139,1180,timestamp1
254,446,timestamp1
1113,172,timestamp1
1390,120,timestamp1
139,1140,timestamp1
66,447,timestamp1
1113,914,timestamp1
1390,1101,timestamp1
139,1431,timestamp1
123,447,timestamp1
1113,439,timestamp1
1390,334,timestamp1
139,1214,timestamp1
23,448,timestamp1
1113,1082,timestamp1
1390,758,timestamp1
139,831,timestamp1
66,449,timestamp1
1113,746,timestamp1
1390,283,timestamp1
139,230,timestamp1
20,450,timestamp1
1113,131,timestamp1
1390,473,timestamp1
139,1015,timestamp1
60,451,timestamp1
1113,516,timestamp1
1390,639,timestamp1
139,1181,timestamp1
23,452,timestamp1
1113,469,timestamp1
1390,794,timestamp1
139,1241,timestamp1
453,96,timestamp1
1113,598,timestamp1
1390,1184,timestamp1
139,1383,timestamp1
79,453,timestamp1
1113,534,timestamp1
1390,216,timestamp1
139,607,timestamp1
8,454,timestamp1
1113,71,timestamp1
1390,138,timestamp1
139,997,timestamp1
455,1086,timestamp1
1113,464,timestamp1
1390,488,timestamp1
139,1427,timestamp1
455,559,timestamp1
1113,834,timestamp1
1390,282,timestamp1
139,626,timestamp1
455,1280,timestamp1
1113,1168,timestamp1
1390,466,timestamp1
139,1238,timestamp1
455,594,timestamp1
1113,626,timestamp1
1390,1062,timestamp1
139,371,timestamp1
455,875,timestamp1
1113,817,timestamp1
1390,958,timestamp1
139,1428,timestamp1
455,461,timestamp1
1113,1042,timestamp1
1390,463,timestamp1
139,121,timestamp1
455,1148,timestamp1
1113,1232,timestamp1
1390,208,timestamp1
139,1234,timestamp1
455,1032,timestamp1
1113,1039,timestamp1
1390,99,timestamp1
139,792,timestamp1
455,669,timestamp1
1113,831,timestamp1
1390,134,timestamp1
139,1361,timestamp1
455,1182,timestamp1
1113,1167,timestamp1
1390,182,timestamp1
139,1426,timestamp1
455,777,timestamp1
1113,230,timestamp1
1390,209,timestamp1
139,370,timestamp1
455,1314,timestamp1
1113,610,timestamp1
1390,393,timestamp1
139,24,timestamp1
455,953,timestamp1
1113,588,timestamp1
1390,22,timestamp1
139,1160,timestamp1
455,654,timestamp1
1113,600,timestamp1
1390,618,timestamp1
139,1159,timestamp1
455,569,timestamp1
1113,190,timestamp1
1390,18,timestamp1
139,715,timestamp1
455,924,timestamp1
1113,1401,timestamp1
1390,109,timestamp1
139,1162,timestamp1
455,268,timestamp1
1113,1143,timestamp1
1390,133,timestamp1
139,358,timestamp1
455,693,timestamp1
1113,1011,timestamp1
1390,1231,timestamp1
139,1384,timestamp1
455,1097,timestamp1
1113,597,timestamp1
1390,279,timestamp1
139,1313,timestamp1
455,1274,timestamp1
1113,903,timestamp1
1390,577,timestamp1
139,1288,timestamp1
800,309,timestamp1
1390,373,timestamp1
139,190,timestamp1
800,995,timestamp1
1390,132,timestamp1
139,1358,timestamp1
800,835,timestamp1
1390,122,timestamp1
139,1242,timestamp1
800,818,timestamp1
1390,271,timestamp1
139,914,timestamp1
800,316,timestamp1
1390,78,timestamp1
139,453,timestamp1
800,580,timestamp1
123,1391,timestamp1
139,89,timestamp1
800,180,timestamp1
299,1392,timestamp1
139,1225,timestamp1
800,1067,timestamp1
20,1393,timestamp1
139,1186,timestamp1
800,458,timestamp1
14,1394,timestamp1
139,229,timestamp1
800,635,timestamp1
1395,750,timestamp1
139,64,timestamp1
800,1322,timestamp1
1395,59,timestamp1
139,131,timestamp1
800,100,timestamp1
1395,1489,timestamp1
139,326,timestamp1
800,260,timestamp1
1395,1212,timestamp1
139,1503,timestamp1
800,67,timestamp1
1395,650,timestamp1
139,349,timestamp1
800,586,timestamp1
1395,296,timestamp1
139,1297,timestamp1
800,1068,timestamp1
1395,442,timestamp1
139,1230,timestamp1
800,736,timestamp1
1395,1506,timestamp1
139,1365,timestamp1
800,662,timestamp1
1395,710,timestamp1
139,1438,timestamp1
800,338,timestamp1
47,1396,timestamp1
139,534,timestamp1
800,732,timestamp1
96,1396,timestamp1
139,500,timestamp1
800,798,timestamp1
79,1396,timestamp1
139,1306,timestamp1
800,965,timestamp1
123,1397,timestamp1
139,1233,timestamp1
800,1074,timestamp1
66,1398,timestamp1
139,1155,timestamp1
800,1453,timestamp1
76,1399,timestamp1
139,1236,timestamp1
800,731,timestamp1
42,1400,timestamp1
139,1217,timestamp1
800,1118,timestamp1
14,1401,timestamp1
139,1237,timestamp1
800,811,timestamp1
60,1402,timestamp1
139,1229,timestamp1
800,1050,timestamp1
14,1403,timestamp1
139,205,timestamp1
800,646,timestamp1
863,1404,timestamp1
139,1465,timestamp1
800,737,timestamp1
47,1405,timestamp1
139,155,timestamp1
800,553,timestamp1
1406,68,timestamp1
139,1308,timestamp1
800,233,timestamp1
1406,65,timestamp1
139,1226,timestamp1
800,227,timestamp1
1406,218,timestamp1
139,241,timestamp1
800,431,timestamp1
1406,1287,timestamp1
37,140,timestamp1
800,829,timestamp1
1406,49,timestamp1
66,141,timestamp1
800,237,timestamp1
1406,617,timestamp1
31,141,timestamp1
800,1317,timestamp1
1406,193,timestamp1
2,142,timestamp1
800,478,timestamp1
1406,1497,timestamp1
66,142,timestamp1
800,449,timestamp1
1406,81,timestamp1
2,143,timestamp1
800,1456,timestamp1
1406,1304,timestamp1
55,144,timestamp1
800,434,timestamp1
1406,1491,timestamp1
70,145,timestamp1
800,652,timestamp1
1406,46,timestamp1
96,146,timestamp1
800,232,timestamp1
1406,1305,timestamp1
123,147,timestamp1
800,665,timestamp1
1406,1412,timestamp1
66,147,timestamp1
800,1072,timestamp1
1406,1405,timestamp1
85,148,timestamp1
800,225,timestamp1
1406,1284,timestamp1
62,149,timestamp1
800,637,timestamp1
1406,161,timestamp1
72,150,timestamp1
800,1443,timestamp1
1406,916,timestamp1
96,151,timestamp1
800,985,timestamp1
1406,1492,timestamp1
42,152,timestamp1
800,1051,timestamp1
47,1407,timestamp1
96,152,timestamp1
800,1063,timestamp1
96,1407,timestamp1
79,152,timestamp1
800,989,timestamp1
130,1408,timestamp1
47,153,timestamp1
800,200,timestamp1
11,1409,timestamp1
2,154,timestamp1
800,535,timestamp1
85,1409,timestamp1
39,155,timestamp1
800,445,timestamp1
23,1409,timestamp1
70,156,timestamp1
800,328,timestamp1
11,1410,timestamp1
23,156,timestamp1
800,1505,timestamp1
85,1410,timestamp1
20,157,timestamp1
800,394,timestamp1
79,1411,timestamp1
8,158,timestamp1
800,568,timestamp1
307,1412,timestamp1
79,159,timestamp1
800,779,timestamp1
20,1413,timestamp1
55,160,timestamp1
800,1201,timestamp1
72,1414,timestamp1
161,752,timestamp1
800,651,timestamp1
2,1415,timestamp1
161,1504,timestamp1
800,587,timestamp1
20,1416,timestamp1
161,1008,timestamp1
800,344,timestamp1
307,1417,timestamp1
161,564,timestamp1
800,69,timestamp1
76,1418,timestamp1
161,695,timestamp1
800,538,timestamp1
20,1418,timestamp1
161,432,timestamp1
800,92,timestamp1
20,1419,timestamp1
161,1452,timestamp1
800,231,timestamp1
66,1420,timestamp1
161,450,timestamp1
800,95,timestamp1
79,1421,timestamp1
161,366,timestamp1
800,780,timestamp1
90,1421,timestamp1
161,1359,timestamp1
800,546,timestamp1
23,1422,timestamp1
161,1502,timestamp1
800,459,timestamp1
70,1422,timestamp1
161,380,timestamp1
800,348,timestamp1
47,1423,timestamp1
161,1501,timestamp1
800,302,timestamp1
6,1424,timestamp1
20,162,timestamp1
800,920,timestamp1
2,1425,timestamp1
20,163,timestamp1
800,822,timestamp1
20,1426,timestamp1
76,163,timestamp1
800,1499,timestamp1
90,1427,timestamp1
20,164,timestamp1
800,1116,timestamp1
55,1428,timestamp1
72,165,timestamp1
800,1407,timestamp1
17,1428,timestamp1
123,166,timestamp1
800,755,timestamp1
20,1428,timestamp1
47,167,timestamp1
800,1001,timestamp1
76,1428,timestamp1
79,167,timestamp1
800,969,timestamp1
55,1429,timestamp1
14,168,timestamp1
800,1004,timestamp1
31,1430,timestamp1
14,169,timestamp1
800,1047,timestamp1
11,1431,timestamp1
23,170,timestamp1
800,1387,timestamp1
58,1432,timestamp1
2,171,timestamp1
800,727,timestamp1
72,1433,timestamp1
79,172,timestamp1
800,224,timestamp1
8,1434,timestamp1
20,173,timestamp1
800,609,timestamp1
1435,1135,timestamp1
55,173,timestamp1
800,236,timestamp1
1435,1066,timestamp1
47,174,timestamp1
800,1255,timestamp1
1435,1057,timestamp1
20,175,timestamp1
800,1403,timestamp1
1435,1013,timestamp1
76,175,timestamp1
45,801,timestamp1
1435,91,timestamp1
66,176,timestamp1
169,802,timestamp1
1435,1421,timestamp1
37,177,timestamp1
20,803,timestamp1
1435,1508,timestamp1
20,178,timestamp1
79,804,timestamp1
1435,287,timestamp1
85,179,timestamp1
805,135,timestamp1
1435,1240,timestamp1
90,180,timestamp1
85,805,timestamp1
1435,1364,timestamp1
76,181,timestamp1
14,806,timestamp1
1435,1354,timestamp1
20,181,timestamp1
14,807,timestamp1
1435,1204,timestamp1
70,182,timestamp1
808,1147,timestamp1
1435,186,timestamp1
37,183,timestamp1
808,1220,timestamp1
1435,1198,timestamp1
11,184,timestamp1
808,87,timestamp1
1435,772,timestamp1
719,185,timestamp1
808,1445,timestamp1
1435,1163,timestamp1
47,186,timestamp1
808,335,timestamp1
1435,175,timestamp1
79,186,timestamp1
808,1221,timestamp1
1435,1219,timestamp1
123,187,timestamp1
808,455,timestamp1
1435,981,timestamp1
20,188,timestamp1
808,456,timestamp1
1435,1415,timestamp1
83,189,timestamp1
808,141,timestamp1
1435,1053,timestamp1
11,190,timestamp1
808,1310,timestamp1
1435,1203,timestamp1
85,191,timestamp1
808,775,timestamp1
1435,1153,timestamp1
85,192,timestamp1
808,1473,timestamp1
1435,1215,timestamp1
14,193,timestamp1
808,1437,timestamp1
1435,1406,timestamp1
299,194,timestamp1
808,1479,timestamp1
1435,1059,timestamp1
31,195,timestamp1
808,1080,timestamp1
1435,1482,timestamp1
14,196,timestamp1
808,63,timestamp1
1435,681,timestamp1
264,197,timestamp1
808,1433,timestamp1
1435,1282,timestamp1
264,198,timestamp1
808,774,timestamp1
1435,1348,timestamp1
8,199,timestamp1
808,352,timestamp1
1435,1052,timestamp1
37,199,timestamp1
808,959,timestamp1
1435,868,timestamp1
14,200,timestamp1
808,1089,timestamp1
1435,867,timestamp1
20,201,timestamp1
808,692,timestamp1
1435,941,timestamp1
2,202,timestamp1
808,1363,timestamp1
1435,1092,timestamp1
169,203,timestamp1
808,1038,timestamp1
20,1436,timestamp1
83,204,timestamp1
808,1444,timestamp1
2,1437,timestamp1
55,205,timestamp1
808,107,timestamp1
2,1438,timestamp1
206,76,timestamp1
808,776,timestamp1
79,1439,timestamp1
20,206,timestamp1
808,315,timestamp1
20,1440,timestamp1
66,207,timestamp1
808,75,timestamp1
55,1441,timestamp1
37,208,timestamp1
808,1484,timestamp1
1442,20,timestamp1
90,209,timestamp1
808,345,timestamp1
0,1442,timestamp1
307,210,timestamp1
808,1360,timestamp1
55,1443,timestamp1
55,211,timestamp1
808,1487,timestamp1
66,1444,timestamp1
2,212,timestamp1
808,566,timestamp1
55,1445,timestamp1
169,213,timestamp1
808,142,timestamp1
254,1446,timestamp1
66,214,timestamp1
808,143,timestamp1
96,1447,timestamp1
123,214,timestamp1
808,1434,timestamp1
2,1448,timestamp1
42,215,timestamp1
808,783,timestamp1
169,1449,timestamp1
2,216,timestamp1
808,1441,timestamp1
20,1450,timestamp1
14,217,timestamp1
808,1110,timestamp1
20,1451,timestamp1
17,218,timestamp1
808,351,timestamp1
23,1452,timestamp1
76,218,timestamp1
808,1227,timestamp1
20,1453,timestamp1
20,218,timestamp1
808,1366,timestamp1
23,1454,timestamp1
6,219,timestamp1
808,207,timestamp1
55,1455,timestamp1
264,220,timestamp1
808,1442,timestamp1
37,1455,timestamp1
62,221,timestamp1
808,1481,timestamp1
14,1456,timestamp1
6,222,timestamp1
808,572,timestamp1
66,1457,timestamp1
2,223,timestamp1
808,475,timestamp1
299,1458,timestamp1
14,224,timestamp1
808,1450,timestamp1
23,1459,timestamp1
254,225,timestamp1
808,204,timestamp1
62,1460,timestamp1
55,226,timestamp1
808,1309,timestamp1
62,1461,timestamp1
17,226,timestamp1
808,94,timestamp1
96,1461,timestamp1
20,226,timestamp1
808,674,timestamp1
96,1462,timestamp1
20,227,timestamp1
808,1239,timestamp1
79,1462,timestamp1
2,228,timestamp1
808,1471,timestamp1
23,1463,timestamp1
37,229,timestamp1
808,1435,timestamp1
70,1463,timestamp1
230,544,timestamp1
299,809,timestamp1
130,1463,timestamp1
230,1351,timestamp1
2,810,timestamp1
20,1464,timestamp1
230,739,timestamp1
60,811,timestamp1
37,1465,timestamp1
230,568,timestamp1
70,812,timestamp1
20,1465,timestamp1
230,779,timestamp1
14,813,timestamp1
8,1465,timestamp1
230,605,timestamp1
55,814,timestamp1
45,1465,timestamp1
230,807,timestamp1
123,815,timestamp1
62,1466,timestamp1
230,1030,timestamp1
66,815,timestamp1
66,1467,timestamp1
230,881,timestamp1
816,76,timestamp1
2,1468,timestamp1
230,346,timestamp1
816,20,timestamp1
23,1469,timestamp1
230,1293,timestamp1
17,816,timestamp1
70,1470,timestamp1
230,799,timestamp1
299,817,timestamp1
2,1471,timestamp1
230,1344,timestamp1
55,818,timestamp1
254,1472,timestamp1
230,652,timestamp1
14,819,timestamp1
33,1473,timestamp1
230,675,timestamp1
523,820,timestamp1
79,1473,timestamp1
455,1216,timestamp1
1113,191,timestamp1
455,852,timestamp1
62,1114,timestamp1
455,797,timestamp1
66,1115,timestamp1
455,214,timestamp1
123,1115,timestamp1
455,960,timestamp1
23,1116,timestamp1
455,1285,timestamp1
20,1117,timestamp1
455,712,timestamp1
76,1117,timestamp1
455,554,timestamp1
83,1118,timestamp1
455,1257,timestamp1
60,1119,timestamp1
455,1016,timestamp1
42,1120,timestamp1
455,1090,timestamp1
60,1121,timestamp1
455,955,timestamp1
85,1122,timestamp1
455,844,timestamp1
14,1123,timestamp1
455,854,timestamp1
90,1124,timestamp1
455,1408,timestamp1
1125,827,timestamp1
455,947,timestamp1
1125,170,timestamp1
455,1268,timestamp1
1125,591,timestamp1
455,1150,timestamp1
1125,1318,timestamp1
455,574,timestamp1
1125,197,timestamp1
455,771,timestamp1
1125,1110,timestamp1
455,118,timestamp1
1125,479,timestamp1
455,1173,timestamp1
1125,1343,timestamp1
455,384,timestamp1
1125,1376,timestamp1
455,215,timestamp1
1125,1107,timestamp1
455,786,timestamp1
1125,1451,timestamp1
455,927,timestamp1
1125,1461,timestamp1
455,679,timestamp1
1125,840,timestamp1
455,484,timestamp1
1125,1472,timestamp1
455,575,timestamp1
1125,1414,timestamp1
455,1460,timestamp1
1125,992,timestamp1
455,336,timestamp1
1125,1009,timestamp1
455,806,timestamp1
1125,337,timestamp1
455,1031,timestamp1
1125,332,timestamp1
455,629,timestamp1
1125,647,timestamp1
455,1027,timestamp1
1125,1227,timestamp1
455,585,timestamp1
1125,1468,timestamp1
455,1113,timestamp1
1125,821,timestamp1
455,581,timestamp1
1125,1347,timestamp1
455,954,timestamp1
1125,1475,timestamp1
455,576,timestamp1
1125,297,timestamp1
455,861,timestamp1
1125,1023,timestamp1
455,772,timestamp1
1125,536,timestamp1
455,671,timestamp1
1125,1128,timestamp1
455,556,timestamp1
1125,1202,timestamp1
455,1337,timestamp1
1125,410,timestamp1
455,855,timestamp1
1125,1278,timestamp1
455,808,timestamp1
1125,1079,timestamp1
455,573,timestamp1
1125,1370,timestamp1
455,766,timestamp1
1125,171,timestamp1
455,1273,timestamp1
1125,1349,timestamp1
455,767,timestamp1
1125,1420,timestamp1
455,266,timestamp1
1125,998,timestamp1
455,878,timestamp1
1125,1256,timestamp1
455,1272,timestamp1
1125,399,timestamp1
455,790,timestamp1
2,1126,timestamp1
455,259,timestamp1
14,1127,timestamp1
455,144,timestamp1
169,1128,timestamp1
455,1139,timestamp1
47,1129,timestamp1
455,938,timestamp1
96,1129,timestamp1
455,1111,timestamp1
79,1129,timestamp1
455,681,timestamp1
254,1130,timestamp1
455,773,timestamp1
70,1131,timestamp1
455,1085,timestamp1
23,1132,timestamp1
455,234,timestamp1
31,1133,timestamp1
455,1141,timestamp1
20,1134,timestamp1
455,80,timestamp1
2,1135,timestamp1
455,1222,timestamp1
83,1136,timestamp1
455,1028,timestamp1
2,1137,timestamp1
455,1149,timestamp1
76,1138,timestamp1
455,759,timestamp1
17,1138,timestamp1
455,711,timestamp1
55,1139,timestamp1
455,941,timestamp1
85,1140,timestamp1
455,178,timestamp1
20,1141,timestamp1
455,765,timestamp1
2,1142,timestamp1
455,1088,timestamp1
33,1143,timestamp1
455,1026,timestamp1
365,1144,timestamp1
455,946,timestamp1
2,1145,timestamp1
455,653,timestamp1
90,1146,timestamp1
48,455,timestamp1
20,1147,timestamp1
23,456,timestamp1
11,1148,timestamp1
23,457,timestamp1
31,1149,timestamp1
20,458,timestamp1
20,1150,timestamp1
83,459,timestamp1
37,1151,timestamp1
123,460,timestamp1
183,1152,timestamp1
66,460,timestamp1
1153,1335,timestamp1
31,461,timestamp1
1153,1178,timestamp1
37,462,timestamp1
1153,184,timestamp1
55,463,timestamp1
1153,1035,timestamp1
96,464,timestamp1
6,1154,timestamp1
135,465,timestamp1
299,1155,timestamp1
85,466,timestamp1
37,1156,timestamp1
47,467,timestamp1
83,1157,timestamp1
468,980,timestamp1
14,1158,timestamp1
468,1260,timestamp1
2,1159,timestamp1
468,1070,timestamp1
47,1160,timestamp1
468,1509,timestamp1
79,1160,timestamp1
468,9,timestamp1
183,1161,timestamp1
468,872,timestamp1
37,1162,timestamp1
468,359,timestamp1
76,1163,timestamp1
468,446,timestamp1
20,1163,timestamp1
468,428,timestamp1
11,1164,timestamp1
468,1316,timestamp1
60,1165,timestamp1
468,321,timestamp1
14,1166,timestamp1
468,1353,timestamp1
31,1166,timestamp1
468,435,timestamp1
90,1167,timestamp1
468,160,timestamp1
31,1168,timestamp1
468,577,timestamp1
17,1169,timestamp1
468,312,timestamp1
20,1170,timestamp1
468,198,timestamp1
76,1170,timestamp1
468,390,timestamp1
85,1171,timestamp1
468,1134,timestamp1
299,1172,timestamp1
468,117,timestamp1
624,1173,timestamp1
468,38,timestamp1
66,1174,timestamp1
468,1265,timestamp1
299,1175,timestamp1
468,127,timestamp1
45,1176,timestamp1
468,161,timestamp1
23,1177,timestamp1
468,1170,timestamp1
17,1178,timestamp1
468,165,timestamp1
20,1179,timestamp1
468,974,timestamp1
76,1179,timestamp1
468,174,timestamp1
169,1180,timestamp1
79,469,timestamp1
307,1181,timestamp1
123,470,timestamp1
130,1182,timestamp1
39,471,timestamp1
135,1182,timestamp1
72,472,timestamp1
85,1182,timestamp1
20,473,timestamp1
169,1183,timestamp1
55,474,timestamp1
72,1184,timestamp1
20,475,timestamp1
264,1185,timestamp1
66,476,timestamp1
60,1186,timestamp1
31,476,timestamp1
85,1186,timestamp1
66,477,timestamp1
6,1187,timestamp1
90,478,timestamp1
55,1188,timestamp1
23,479,timestamp1
123,1189,timestamp1
55,480,timestamp1
66,1189,timestamp1
481,643,timestamp1
307,1190,timestamp1
481,615,timestamp1
20,1191,timestamp1
60,482,timestamp1
76,1191,timestamp1
20,483,timestamp1
33,1192,timestamp1
6,484,timestamp1
299,1193,timestamp1
45,485,timestamp1
1194,254,timestamp1
66,486,timestamp1
83,1194,timestamp1
62,487,timestamp1
123,1195,timestamp1
2,488,timestamp1
23,1196,timestamp1
6,489,timestamp1
83,1197,timestamp1
23,490,timestamp1
365,1198,timestamp1
130,491,timestamp1
1199,957,timestamp1
55,492,timestamp1
1199,796,timestamp1
17,492,timestamp1
47,1200,timestamp1
20,492,timestamp1
66,1201,timestamp1
20,493,timestamp1
23,1202,timestamp1
123,494,timestamp1
76,1203,timestamp1
14,495,timestamp1
8,1204,timestamp1
31,495,timestamp1
62,1205,timestamp1
66,496,timestamp1
55,1206,timestamp1
863,497,timestamp1
20,1206,timestamp1
76,498,timestamp1
2,1207,timestamp1
20,498,timestamp1
62,1208,timestamp1
96,499,timestamp1
2,1209,timestamp1
79,499,timestamp1
14,1210,timestamp1
42,499,timestamp1
20,1211,timestamp1
20,500,timestamp1
76,1211,timestamp1
183,501,timestamp1
1083,1212,timestamp1
502,1083,timestamp1
705,1213,timestamp1
66,502,timestamp1
8,1214,timestamp1
123,502,timestamp1
169,1215,timestamp1
60,503,timestamp1
96,1216,timestamp1
83,504,timestamp1
123,1217,timestamp1
169,505,timestamp1
66,1218,timestamp1
2,506,timestamp1
66,1219,timestamp1
20,507,timestamp1
90,1220,timestamp1
169,508,timestamp1
123,1221,timestamp1
230,911,timestamp1
20,821,timestamp1
20,1474,timestamp1
230,1500,timestamp1
719,822,timestamp1
76,1474,timestamp1
230,789,timestamp1
62,823,timestamp1
2,1475,timestamp1
230,663,timestamp1
60,824,timestamp1
2,1476,timestamp1
230,888,timestamp1
20,825,timestamp1
414,1477,timestamp1
230,1047,timestamp1
96,826,timestamp1
1478,1390,timestamp1
230,950,timestamp1
90,826,timestamp1
79,1479,timestamp1
230,1201,timestamp1
96,827,timestamp1
130,1480,timestamp1
230,372,timestamp1
2,828,timestamp1
1481,1446,timestamp1
230,168,timestamp1
31,829,timestamp1
1481,308,timestamp1
230,310,timestamp1
20,830,timestamp1
1481,513,timestamp1
230,1341,timestamp1
66,831,timestamp1
1481,846,timestamp1
230,421,timestamp1
85,832,timestamp1
1481,1117,timestamp1
230,438,timestamp1
20,833,timestamp1
1481,934,timestamp1
230,580,timestamp1
31,834,timestamp1
1481,853,timestamp1
230,1199,timestamp1
14,835,timestamp1
1481,1490,timestamp1
230,659,timestamp1
39,836,timestamp1
1481,403,timestamp1
230,424,timestamp1
837,975,timestamp1
1481,1247,timestamp1
230,660,timestamp1
837,754,timestamp1
62,1482,timestamp1
230,885,timestamp1
45,838,timestamp1
62,1483,timestamp1
230,1068,timestamp1
96,839,timestamp1
1033,1484,timestamp1
230,891,timestamp1
47,839,timestamp1
66,1485,timestamp1
230,662,timestamp1
70,840,timestamp1
33,1486,timestamp1
230,642,timestamp1
85,840,timestamp1
17,1487,timestamp1
230,570,timestamp1
130,840,timestamp1
47,1488,timestamp1
230,508,timestamp1
8,841,timestamp1
96,1488,timestamp1
230,521,timestamp1
37,841,timestamp1
79,1488,timestamp1
230,374,timestamp1
60,842,timestamp1
90,1488,timestamp1
230,413,timestamp1
414,843,timestamp1
299,1489,timestamp1
230,236,timestamp1
1083,844,timestamp1
1490,430,timestamp1
230,431,timestamp1
23,845,timestamp1
1490,161,timestamp1
230,507,timestamp1
66,846,timestamp1
1490,703,timestamp1
230,1317,timestamp1
62,847,timestamp1
1490,428,timestamp1
230,478,timestamp1
79,848,timestamp1
1490,165,timestamp1
230,316,timestamp1
55,849,timestamp1
1490,57,timestamp1
230,661,timestamp1
55,850,timestamp1
1490,340,timestamp1
230,890,timestamp1
254,851,timestamp1
1490,341,timestamp1
230,232,timestamp1
2,852,timestamp1
1490,974,timestamp1
230,260,timestamp1
853,1083,timestamp1
1490,1316,timestamp1
230,637,timestamp1
123,853,timestamp1
1490,174,timestamp1
230,124,timestamp1
62,854,timestamp1
1490,1070,timestamp1
230,798,timestamp1
47,855,timestamp1
1490,751,timestamp1
11,231,timestamp1
79,855,timestamp1
1490,211,timestamp1
60,232,timestamp1
66,856,timestamp1
1490,359,timestamp1
2,233,timestamp1
1332,857,timestamp1
1490,292,timestamp1
169,234,timestamp1
47,858,timestamp1
1490,446,timestamp1
123,235,timestamp1
79,858,timestamp1
1490,480,timestamp1
79,236,timestamp1
264,859,timestamp1
1490,836,timestamp1
14,237,timestamp1
14,860,timestamp1
1490,321,timestamp1
31,238,timestamp1
33,860,timestamp1
1490,1466,timestamp1
79,239,timestamp1
2,861,timestamp1
1490,1454,timestamp1
123,240,timestamp1
11,862,timestamp1
1490,397,timestamp1
264,241,timestamp1
72,863,timestamp1
1490,1458,timestamp1
42,242,timestamp1
90,864,timestamp1
1490,160,timestamp1
85,243,timestamp1
14,865,timestamp1
1490,198,timestamp1
20,244,timestamp1
20,866,timestamp1
1490,390,timestamp1
169,244,timestamp1
76,867,timestamp1
1490,1300,timestamp1
76,244,timestamp1
17,867,timestamp1
1490,1137,timestamp1
135,245,timestamp1
20,867,timestamp1
1490,221,timestamp1
123,246,timestamp1
2,868,timestamp1
1490,517,timestamp1
254,247,timestamp1
254,869,timestamp1
1490,38,timestamp1
20,248,timestamp1
37,870,timestamp1
1490,1299,timestamp1
90,249,timestamp1
55,870,timestamp1
130,1491,timestamp1
20,250,timestamp1
2,871,timestamp1
23,1491,timestamp1
17,250,timestamp1
55,872,timestamp1
72,1492,timestamp1
76,250,timestamp1
8,873,timestamp1
96,1493,timestamp1
20,251,timestamp1
20,874,timestamp1
83,1494,timestamp1
76,251,timestamp1
31,875,timestamp1
1495,625,timestamp1
55,251,timestamp1
37,876,timestamp1
365,1496,timestamp1
17,251,timestamp1
55,876,timestamp1
55,1497,timestamp1
2,252,timestamp1
8,876,timestamp1
14,1498,timestamp1
2,253,timestamp1
8,877,timestamp1
20,1499,timestamp1
79,253,timestamp1
31,878,timestamp1
96,1500,timestamp1
62,254,timestamp1
62,879,timestamp1
55,1501,timestamp1
66,255,timestamp1
264,880,timestamp1
254,1502,timestamp1
2,256,timestamp1
55,881,timestamp1
1389,1503,timestamp1
1332,257,timestamp1
72,882,timestamp1
58,1504,timestamp1
17,258,timestamp1
47,883,timestamp1
20,1505,timestamp1
76,258,timestamp1
79,883,timestamp1
70,1506,timestamp1
66,259,timestamp1
96,884,timestamp1
23,1507,timestamp1
55,260,timestamp1
79,884,timestamp1
11,1508,timestamp1
66,261,timestamp1
79,885,timestamp1
90,1509,timestamp1
123,261,timestamp1
96,885,timestamp1
2,1510,timestamp1
20,262,timestamp1
76,886,timestamp1
2,263,timestamp1
20,886,timestamp1
85,264,timestamp1
20,887,timestamp1
66,265,timestamp1
20,888,timestamp1
8,266,timestamp1
2,889,timestamp1
37,266,timestamp1
47,889,timestamp1
96,267,timestamp1
96,890,timestamp1
85,268,timestamp1
47,890,timestamp1
130,268,timestamp1
55,891,timestamp1
96,269,timestamp1
60,892,timestamp1
79,269,timestamp1
20,893,timestamp1
72,270,timestamp1
20,894,timestamp1
20,271,timestamp1
76,894,timestamp1
76,272,timestamp1
76,895,timestamp1
20,272,timestamp1
20,895,timestamp1
23,273,timestamp1
83,896,timestamp1
130,273,timestamp1
8,897,timestamp1
70,273,timestamp1
37,897,timestamp1
45,274,timestamp1
23,898,timestamp1
31,275,timestamp1
66,899,timestamp1
60,276,timestamp1
55,900,timestamp1
20,277,timestamp1
20,901,timestamp1
55,277,timestamp1
37,902,timestamp1
17,277,timestamp1
2,903,timestamp1
6,278,timestamp1
66,904,timestamp1
20,279,timestamp1
33,905,timestamp1
8,280,timestamp1
47,906,timestamp1
37,280,timestamp1
79,906,timestamp1
85,281,timestamp1
11,907,timestamp1
23,281,timestamp1
130,908,timestamp1
6,282,timestamp1
45,909,timestamp1
130,283,timestamp1
96,910,timestamp1
70,283,timestamp1
79,910,timestamp1
135,283,timestamp1
60,911,timestamp1
23,283,timestamp1
299,912,timestamp1
72,284,timestamp1
2,913,timestamp1
20,285,timestamp1
2,914,timestamp1
8,285,timestamp1
23,915,timestamp1
76,285,timestamp1
14,916,timestamp1
17,285,timestamp1
20,917,timestamp1
20,286,timestamp1
17,917,timestamp1
90,287,timestamp1
2,918,timestamp1
85,288,timestamp1
33,919,timestamp1
14,289,timestamp1
70,920,timestamp1
6,290,timestamp1
14,921,timestamp1
72,291,timestamp1
2,922,timestamp1
96,292,timestamp1
17,923,timestamp1
79,292,timestamp1
705,924,timestamp1
42,292,timestamp1
42,925,timestamp1
47,292,timestamp1
365,926,timestamp1
60,293,timestamp1
60,927,timestamp1
14,294,timestamp1
79,928,timestamp1
31,294,timestamp1
2,929,timestamp1
62,295,timestamp1
70,930,timestamp1
20,296,timestamp1
47,931,timestamp1
62,297,timestamp1
79,931,timestamp1
96,298,timestamp1
169,932,timestamp1
96,299,timestamp1
14,933,timestamp1
79,299,timestamp1
47,934,timestamp1
66,300,timestamp1
62,935,timestamp1
96,301,timestamp1
169,936,timestamp1
66,302,timestamp1
76,937,timestamp1
254,303,timestamp1
47,938,timestamp1
60,304,timestamp1
79,938,timestamp1
76,305,timestamp1
76,939,timestamp1
55,305,timestamp1
55,940,timestamp1
17,305,timestamp1
20,940,timestamp1
20,305,timestamp1
123,941,timestamp1
96,306,timestamp1
33,942,timestamp1
76,307,timestamp1
47,943,timestamp1
299,307,timestamp1
60,944,timestamp1
308,1114,timestamp1
85,944,timestamp1
308,984,timestamp1
945,719,timestamp1
308,764,timestamp1
31,945,timestamp1
308,982,timestamp1
55,946,timestamp1
308,706,timestamp1
20,947,timestamp1
76,309,timestamp1
299,948,timestamp1
310,719,timestamp1
307,949,timestamp1
31,310,timestamp1
414,950,timestamp1
365,311,timestamp1
20,951,timestamp1
96,312,timestamp1
2,952,timestamp1
39,313,timestamp1
2,953,timestamp1
314,769,timestamp1
60,954,timestamp1
1012,210,timestamp1
314,1046,timestamp1
66,955,timestamp1
314,1480,timestamp1
123,955,timestamp1
60,315,timestamp1
8,956,timestamp1
60,316,timestamp1
2,957,timestamp1
62,317,timestamp1
264,509,timestamp1
20,1222,timestamp1
365,318,timestamp1
72,510,timestamp1
414,1223,timestamp1
55,319,timestamp1
264,511,timestamp1
753,1224,timestamp1
14,320,timestamp1
512,325,timestamp1
169,1225,timestamp1
45,321,timestamp1
512,986,timestamp1
62,1225,timestamp1
66,322,timestamp1
512,569,timestamp1
20,1226,timestamp1
96,323,timestamp1
512,1192,timestamp1
85,1227,timestamp1
31,324,timestamp1
512,1205,timestamp1
66,1228,timestamp1
20,325,timestamp1
512,797,timestamp1
1229,76,timestamp1
2,326,timestamp1
512,1196,timestamp1
20,1229,timestamp1
14,327,timestamp1
512,214,timestamp1
17,1229,timestamp1
79,328,timestamp1
512,1285,timestamp1
1230,509,timestamp1
66,329,timestamp1
512,712,timestamp1
1230,683,timestamp1
2,330,timestamp1
512,762,timestamp1
1230,474,timestamp1
14,331,timestamp1
512,1078,timestamp1
1230,582,timestamp1
264,332,timestamp1
512,1016,timestamp1
1230,314,timestamp1
33,333,timestamp1
512,1090,timestamp1
1230,623,timestamp1
66,334,timestamp1
512,1464,timestamp1
1230,1091,timestamp1
23,335,timestamp1
512,1025,timestamp1
1230,1315,timestamp1
11,336,timestamp1
512,955,timestamp1
1230,517,timestamp1
1033,337,timestamp1
512,854,timestamp1
1230,74,timestamp1
123,338,timestamp1
512,987,timestamp1
1230,1319,timestamp1
55,339,timestamp1
512,1077,timestamp1
1230,56,timestamp1
2,340,timestamp1
512,1268,timestamp1
1230,82,timestamp1
79,341,timestamp1
512,1329,timestamp1
1230,1103,timestamp1
212,342,timestamp1
512,771,timestamp1
1230,641,timestamp1
2,343,timestamp1
512,1209,timestamp1
1230,1096,timestamp1
2,344,timestamp1
512,215,timestamp1
1230,963,timestamp1
79,344,timestamp1
512,1314,timestamp1
1230,851,timestamp1
47,344,timestamp1
512,744,timestamp1
1230,369,timestamp1
2,345,timestamp1
512,928,timestamp1
1230,477,timestamp1
346,584,timestamp1
512,336,timestamp1
1230,729,timestamp1
346,1211,timestamp1
512,806,timestamp1
1230,283,timestamp1
346,111,timestamp1
512,1253,timestamp1
1230,845,timestamp1
346,734,timestamp1
512,930,timestamp1
1230,401,timestamp1
346,311,timestamp1
512,581,timestamp1
1230,964,timestamp1
346,545,timestamp1
512,954,timestamp1
1230,1018,timestamp1
346,423,timestamp1
512,576,timestamp1
1230,1404,timestamp1
346,571,timestamp1
512,861,timestamp1
1230,842,timestamp1
346,406,timestamp1
512,1124,timestamp1
1230,621,timestamp1
346,290,timestamp1
512,931,timestamp1
1230,1095,timestamp1
346,691,timestamp1
512,556,timestamp1
1230,298,timestamp1
346,462,timestamp1
512,824,timestamp1
1230,974,timestamp1
346,526,timestamp1
512,1200,timestamp1
1230,482,timestamp1
346,293,timestamp1
512,856,timestamp1
1230,211,timestamp1
346,730,timestamp1
512,1190,timestamp1
1230,216,timestamp1
346,412,timestamp1
512,1243,timestamp1
1230,138,timestamp1
346,733,timestamp1
512,1111,timestamp1
1230,173,timestamp1
346,1342,timestamp1
512,539,timestamp1
1230,408,timestamp1
346,532,timestamp1
512,1031,timestamp1
1230,192,timestamp1
346,32,timestamp1
512,491,timestamp1
1230,636,timestamp1
346,1386,timestamp1
512,1311,timestamp1
1230,359,timestamp1
346,301,timestamp1
512,759,timestamp1
1230,814,timestamp1
346,152,timestamp1
512,711,timestamp1
1230,1485,timestamp1
346,1432,timestamp1
512,941,timestamp1
1230,99,timestamp1
346,583,timestamp1
512,178,timestamp1
1230,189,timestamp1
346,472,timestamp1
512,765,timestamp1
1230,134,timestamp1
346,429,timestamp1
512,946,timestamp1
1230,285,timestamp1
346,344,timestamp1
512,825,timestamp1
1230,182,timestamp1
346,105,timestamp1
512,756,timestamp1
1230,217,timestamp1
346,437,timestamp1
512,1188,timestamp1
1230,656,timestamp1
346,552,timestamp1
512,144,timestamp1
1230,465,timestamp1
346,658,timestamp1
512,48,timestamp1
1230,1235,timestamp1
346,460,timestamp1
512,669,timestamp1
1230,1228,timestamp1
346,153,timestamp1
55,513,timestamp1
1230,243,timestamp1
346,451,timestamp1
17,513,timestamp1
1230,240,timestamp1
346,565,timestamp1
20,513,timestamp1
1230,1469,timestamp1
346,443,timestamp1
90,514,timestamp1
1230,109,timestamp1
346,159,timestamp1
45,515,timestamp1
1230,1049,timestamp1
346,245,timestamp1
20,516,timestamp1
1230,342,timestamp1
346,541,timestamp1
70,517,timestamp1
1230,833,timestamp1
346,1044,timestamp1
20,518,timestamp1
1230,967,timestamp1
346,427,timestamp1
55,518,timestamp1
1230,518,timestamp1
346,330,timestamp1
17,518,timestamp1
1230,382,timestamp1
346,328,timestamp1
123,519,timestamp1
1230,279,timestamp1
346,422,timestamp1
2,520,timestamp1
1230,397,timestamp1
346,267,timestamp1
6,521,timestamp1
1230,1252,timestamp1
346,258,timestamp1
14,522,timestamp1
1230,132,timestamp1
346,1146,timestamp1
31,523,timestamp1
1230,122,timestamp1
346,904,timestamp1
66,524,timestamp1
1230,271,timestamp1
346,531,timestamp1
37,525,timestamp1
1230,735,timestamp1
346,780,timestamp1
526,1251,timestamp1
1230,942,timestamp1
346,1429,timestamp1
526,742,timestamp1
1230,150,timestamp1
30,346,timestamp1
526,288,timestamp1
1230,78,timestamp1
14,347,timestamp1
526,966,timestamp1
20,1231,timestamp1
76,348,timestamp1
526,1398,timestamp1
2,1232,timestamp1
55,348,timestamp1
526,1159,timestamp1
47,1233,timestamp1
20,348,timestamp1
526,1312,timestamp1
1234,1083,timestamp1
23,349,timestamp1
526,295,timestamp1
123,1234,timestamp1
58,350,timestamp1
526,843,timestamp1
14,1234,timestamp1
20,351,timestamp1
526,1098,timestamp1
60,1235,timestamp1
8,352,timestamp1
526,952,timestamp1
20,1236,timestamp1
37,352,timestamp1
526,741,timestamp1
66,1237,timestamp1
55,352,timestamp1
526,13,timestamp1
2,1238,timestamp1
96,353,timestamp1
526,1254,timestamp1
20,1239,timestamp1
123,354,timestamp1
526,129,timestamp1
66,1240,timestamp1
55,355,timestamp1
526,1105,timestamp1
66,1241,timestamp1
20,356,timestamp1
526,520,timestamp1
768,1242,timestamp1
76,356,timestamp1
526,1296,timestamp1
6,1243,timestamp1
20,357,timestamp1
526,238,timestamp1
135,1243,timestamp1
76,357,timestamp1
526,12,timestamp1
299,1244,timestamp1
123,358,timestamp1
526,36,timestamp1
96,1245,timestamp1
359,426,timestamp1
47,527,timestamp1
79,1245,timestamp1
359,1130,timestamp1
753,528,timestamp1
20,1246,timestamp1
359,244,timestamp1
14,529,timestamp1
62,1247,timestamp1
359,633,timestamp1
23,530,timestamp1
72,1248,timestamp1
359,395,timestamp1
299,531,timestamp1
1249,1083,timestamp1
359,387,timestamp1
79,532,timestamp1
66,1249,timestamp1
359,250,timestamp1
47,532,timestamp1
135,1250,timestamp1
359,1290,timestamp1
60,533,timestamp1
62,1251,timestamp1
359,393,timestamp1
20,534,timestamp1
2,1252,timestamp1
359,551,timestamp1
31,535,timestamp1
79,1253,timestamp1
359,847,timestamp1
2,536,timestamp1
55,1254,timestamp1
359,1158,timestamp1
96,537,timestamp1
55,1255,timestamp1
359,201,timestamp1
66,538,timestamp1
17,1256,timestamp1
359,618,timestamp1
83,539,timestamp1
70,1257,timestamp1
359,109,timestamp1
70,540,timestamp1
2,1258,timestamp1
359,496,timestamp1
23,540,timestamp1
66,1258,timestamp1
359,219,timestamp1
130,540,timestamp1
135,1259,timestamp1
359,248,timestamp1
39,541,timestamp1
79,1260,timestamp1
359,140,timestamp1
169,542,timestamp1
70,1261,timestamp1
359,110,timestamp1
66,543,timestamp1
523,1262,timestamp1
359,305,timestamp1
47,544,timestamp1
2,1263,timestamp1
359,364,timestamp1
79,544,timestamp1
23,1264,timestamp1
359,77,timestamp1
66,545,timestamp1
37,1265,timestamp1
359,280,timestamp1
2,546,timestamp1
55,1265,timestamp1
359,416,timestamp1
123,546,timestamp1
90,1266,timestamp1
359,1339,timestamp1
264,547,timestamp1
33,1267,timestamp1
359,396,timestamp1
90,548,timestamp1
6,1268,timestamp1
359,158,timestamp1
20,549,timestamp1
62,1269,timestamp1
359,106,timestamp1
76,549,timestamp1
62,1270,timestamp1
359,724,timestamp1
264,550,timestamp1
62,1271,timestamp1
359,279,timestamp1
20,551,timestamp1
1272,693,timestamp1
359,700,timestamp1
76,551,timestamp1
1272,145,timestamp1
359,261,timestamp1
20,552,timestamp1
1272,1430,timestamp1
359,493,timestamp1
17,552,timestamp1
1272,252,timestamp1
359,971,timestamp1
76,552,timestamp1
1272,4,timestamp1
359,1195,timestamp1
523,553,timestamp1
1272,1378,timestamp1
359,499,timestamp1
2,554,timestamp1
1272,440,timestamp1
359,577,timestamp1
62,555,timestamp1
1272,476,timestamp1
359,378,timestamp1
264,556,timestamp1
1272,694,timestamp1
359,132,timestamp1
123,557,timestamp1
1272,1263,timestamp1
359,686,timestamp1
72,558,timestamp1
1272,762,timestamp1
359,284,timestamp1
6,559,timestamp1
1272,698,timestamp1
359,785,timestamp1
6,560,timestamp1
1272,1330,timestamp1
359,684,timestamp1
70,561,timestamp1
1272,880,timestamp1
359,122,timestamp1
169,562,timestamp1
1272,227,timestamp1
359,271,timestamp1
96,563,timestamp1
1272,1307,timestamp1
359,593,timestamp1
20,564,timestamp1
1272,547,timestamp1
359,1144,timestamp1
76,564,timestamp1
1272,714,timestamp1
359,417,timestamp1
17,564,timestamp1
1272,497,timestamp1
359,150,timestamp1
79,565,timestamp1
1272,721,timestamp1
359,367,timestamp1
47,566,timestamp1
1272,563,timestamp1
359,78,timestamp1
90,567,timestamp1
1272,1448,timestamp1
359,385,timestamp1
96,568,timestamp1
1272,510,timestamp1
359,383,timestamp1
20,569,timestamp1
1272,668,timestamp1
359,1136,timestamp1
76,569,timestamp1
1272,1327,timestamp1
359,848,timestamp1
20,570,timestamp1
1272,3,timestamp1
359,528,timestamp1
76,570,timestamp1
1272,910,timestamp1
359,632,timestamp1
66,571,timestamp1
1272,666,timestamp1
359,683,timestamp1
123,571,timestamp1
1272,514,timestamp1
359,578,timestamp1
23,572,timestamp1
1272,923,timestamp1
359,102,timestamp1
79,573,timestamp1
1272,1413,timestamp1
359,490,timestamp1
2,573,timestamp1
1272,259,timestamp1
359,246,timestamp1
96,573,timestamp1
1272,1470,timestamp1
359,119,timestamp1
23,574,timestamp1
1272,112,timestamp1
359,845,timestamp1
614,575,timestamp1
1272,906,timestamp1
359,128,timestamp1
576,983,timestamp1
1272,101,timestamp1
359,582,timestamp1
576,1126,timestamp1
1272,927,timestamp1
359,1061,timestamp1
576,441,timestamp1
1272,606,timestamp1
14,958,timestamp1
85,959,timestamp1
11,959,timestamp1
47,960,timestamp1
705,961,timestamp1
62,962,timestamp1
6,963,timestamp1
47,964,timestamp1
20,965,timestamp1
254,966,timestamp1
967,151,timestamp1
967,628,timestamp1
967,573,timestamp1
967,819,timestamp1
967,34,timestamp1
967,823,timestamp1
967,907,timestamp1
967,44,timestamp1
967,763,timestamp1
967,603,timestamp1
967,1056,timestamp1
967,908,timestamp1
967,850,timestamp1
967,1007,timestamp1
17,968,timestamp1
20,969,timestamp1
47,970,timestamp1
85,971,timestamp1
20,972,timestamp1
60,973,timestamp1
20,974,timestamp1
975,135,timestamp1
23,975,timestamp1
90,976,timestamp1
79,976,timestamp1
90,977,timestamp1
212,978,timestamp1
14,979,timestamp1
2,980,timestamp1
183,981,timestamp1
20,982,timestamp1
62,983,timestamp1
70,984,timestamp1
85,985,timestamp1
31,986,timestamp1
14,986,timestamp1
2,987,timestamp1
11,988,timestamp1
66,989,timestamp1
990,257,timestamp1
990,134,timestamp1
990,353,timestamp1
990,473,timestamp1
990,961,timestamp1
990,639,timestamp1
990,972,timestamp1
990,483,timestamp1
990,794,timestamp1
990,618,timestamp1
990,304,timestamp1
990,504,timestamp1
990,418,timestamp1
990,525,timestamp1
990,361,timestamp1
990,277,timestamp1
990,404,timestamp1
990,138,timestamp1
990,522,timestamp1
990,279,timestamp1
990,282,timestamp1
990,636,timestamp1
990,373,timestamp1
990,958,timestamp1
990,278,timestamp1
990,163,timestamp1
990,263,timestamp1
990,619,timestamp1
990,633,timestamp1
990,395,timestamp1
990,387,timestamp1
990,1326,timestamp1
990,250,timestamp1
990,393,timestamp1
990,847,timestamp1
990,248,timestamp1
990,305,timestamp1
58,1,timestamp1
135,2,timestamp1
990,364,timestamp1
66,3,timestamp1
264,4,timestamp1
990,77,timestamp1
614,5,timestamp1
45,6,timestamp1
990,280,timestamp1
20,7,timestamp1
55,7,timestamp1
990,396,timestamp1
60,8,timestamp1
85,8,timestamp1
990,158,timestamp1
60,9,timestamp1
37,10,timestamp1
990,106,timestamp1
20,11,timestamp1
76,11,timestamp1
990,724,timestamp1
79,12,timestamp1
55,13,timestamp1
990,577,timestamp1
62,14,timestamp1
365,15,timestamp1
990,378,timestamp1
79,16,timestamp1
20,17,timestamp1
990,132,timestamp1
76,17,timestamp1
55,17,timestamp1
990,271,timestamp1
17,17,timestamp1
20,18,timestamp1
990,147,timestamp1
85,19,timestamp1
990,417,timestamp1
254,20,timestamp1
990,150,timestamp1
23,21,timestamp1
990,78,timestamp1
83,22,timestamp1
990,385,timestamp1
2,23,timestamp1
990,383,timestamp1
20,24,timestamp1
990,632,timestamp1
76,25,timestamp1
990,381,timestamp1
55,25,timestamp1
990,1245,timestamp1
17,25,timestamp1
990,128,timestamp1
20,25,timestamp1
990,1250,timestamp1
37,26,timestamp1
990,926,timestamp1
23,27,timestamp1
990,179,timestamp1
264,28,timestamp1
990,738,timestamp1
523,29,timestamp1
990,356,timestamp1
70,30,timestamp1
990,419,timestamp1
20,31,timestamp1
990,1459,timestamp1
72,32,timestamp1
990,640,timestamp1
31,33,timestamp1
990,379,timestamp1
123,34,timestamp1
990,187,timestamp1
79,35,timestamp1
990,488,timestamp1
36,1138,timestamp1
990,375,timestamp1
36,749,timestamp1
990,1396,timestamp1
36,1125,timestamp1
990,181,timestamp1
36,1040,timestamp1
990,270,timestamp1
36,444,timestamp1
990,208,timestamp1
36,1183,timestamp1
990,120,timestamp1
36,726,timestamp1
990,410,timestamp1
36,993,timestamp1
990,196,timestamp1
36,620,timestamp1
990,283,timestamp1
36,498,timestamp1
18,990,timestamp1
36,226,timestamp1
27,990,timestamp1
36,320,timestamp1
22,990,timestamp1
36,816,timestamp1
299,991,timestamp1
36,922,timestamp1
14,991,timestamp1
36,235,timestamp1
11,992,timestamp1
36,939,timestamp1
66,993,timestamp1
36,708,timestamp1
307,994,timestamp1
36,162,timestamp1
79,995,timestamp1
36,324,timestamp1
76,996,timestamp1
36,1325,timestamp1
83,997,timestamp1
36,485,timestamp1
90,998,timestamp1
36,323,timestamp1
20,999,timestamp1
36,502,timestamp1
17,1000,timestamp1
36,936,timestamp1
17,1001,timestamp1
36,1064,timestamp1
20,1001,timestamp1
36,1010,timestamp1
47,1002,timestamp1
36,1003,timestamp1
23,1003,timestamp1
36,631,timestamp1
45,1004,timestamp1
36,487,timestamp1
23,1005,timestamp1
36,1037,timestamp1
85,1006,timestamp1
36,862,timestamp1
58,1007,timestamp1
36,157,timestamp1
23,1008,timestamp1
36,897,timestamp1
20,1009,timestamp1
36,363,timestamp1
135,1010,timestamp1
36,1127,timestamp1
96,1011,timestamp1
36,901,timestamp1
1012,86,timestamp1
36,874,timestamp1
1012,1296,timestamp1
36,1131,timestamp1
1012,949,timestamp1
36,869,timestamp1
1012,391,timestamp1
36,630,timestamp1
1012,1440,timestamp1
36,1189,timestamp1
1012,389,timestamp1
36,1463,timestamp1
1012,1411,timestamp1
36,944,timestamp1
1012,501,timestamp1
36,377,timestamp1
1012,1054,timestamp1
36,501,timestamp1
1012,802,timestamp1
36,61,timestamp1
1012,515,timestamp1
36,937,timestamp1
1012,870,timestamp1
36,376,timestamp1
1012,1175,timestamp1
36,996,timestamp1
1012,114,timestamp1
36,858,timestamp1
1012,154,timestamp1
36,350,timestamp1
1012,116,timestamp1
47,37,timestamp1
